,1 and 40 - frame 1,1 and 40 - frame 2,1 and 40 - frame 3,1 and 40 - frame 4,1 and 40 - frame 5
atom 1,-1.1822885676829427,-1.1849724775925152,-1.1855990735215207,-1.1851810809865673,-1.1860222919653969
atom 2,-0.6228840239963668,-0.5191383266216281,-0.8675276113819655,-1.4521332007804257,-1.5395570433201577
atom 3,1.2032157416366418,-0.7692216212961336,-1.002972869876945,-0.32874814527410906,-0.41152299405552667
atom 4,0.016301624599466245,0.01713246514398594,0.01787219054019064,0.018537629927044122,0.019180592719112655
atom 5,0.00016771891693277035,0.0011525983771285102,0.0013729818886677229,0.000958518565588357,0.0007894836204013632
atom 6,-0.02963538449561116,-0.030022595294755955,-0.030585928283730975,-0.03105670392707875,-0.0313800445948387
atom 7,0.03939632919503944,0.04071142359375306,0.04074679780416511,0.0480955547014169,0.06093495576123977
atom 8,0.11782623974775774,0.1022834328967618,0.0971043488784707,0.09912156490304068,0.09958681698828872
atom 9,-0.5793031936590495,-0.59503953907634,-0.598793319079955,-0.5910173020561401,-0.5915064612288566
atom 10,-0.0025019194955671446,-0.0025433727554718035,-0.0026023734599066616,-0.0026622902467475676,-0.0026926577614286213
atom 11,-0.008574633807932526,-0.008626217317524417,-0.009012040174012116,-0.009373109544294853,-0.009387369043643675
atom 12,0.0012015229510412082,0.00148660010988267,0.0015624223955719402,0.0017375889315174777,0.002127761384719932
atom 13,-3.3657289062448936,-3.3721176977795784,-3.3862978634227425,-3.399080620661257,-3.4146075800685285
atom 14,1.0289382633962703,1.0350691970668513,1.026740924956754,1.0232335745845698,1.0283499350676217
atom 15,2.44035773382618,2.4018874306556808,2.3746992041568347,2.349289086007519,2.311407743488898
atom 16,-0.16977900782926325,-0.16973852767737826,-0.1693454726780761,-0.16922361081315032,-0.16988682639227934
atom 17,0.11891450427141383,0.11879361953095618,0.11646411667023857,0.11532476185734948,0.11771114091029111
atom 18,0.16365167398625804,0.1613271453858607,0.1579352428294161,0.15455072280461327,0.15315711418949465
atom 19,-0.003134924101468971,0.0016419365164017205,0.009733150960697268,0.01704839409371653,0.021353218300785702
atom 20,0.04621741991403422,0.04865119965135948,0.0505012120773427,0.05129517120899201,0.05189036265327433
atom 21,-0.051504359411808066,-0.045157283718768024,-0.03987983177071496,-0.0373234827385848,-0.03222123902807844
atom 22,0.11159548213367179,0.10744066194912541,0.10768328876002012,0.11318637665028428,0.12032157191205461
atom 23,-0.08354266691865204,-0.08286696492723217,-0.08090676965015459,-0.07741400172370898,-0.07300033419010873
atom 24,-0.21357539135972514,-0.21272849344793357,-0.21449415760807217,-0.21467569117944418,-0.20997103902302588
atom 25,-0.43916401603587135,-0.4457778951151688,-0.4547100277427174,-0.45857594454706635,-0.4595102332414903
atom 26,0.21286715809478482,0.21032657903495483,0.20749330548979728,0.20758649661575845,0.2099394178629521
atom 27,0.5790821837890127,0.5779807313322366,0.5691391120719105,0.5745875073634586,0.5924266200138665
atom 28,0.10877287524327063,0.1056039328302017,0.10244950048089821,0.10242272758014546,0.10404333753245242
atom 29,0.04399395322123682,0.044027620208329406,0.03883018096467625,0.03571985012365543,0.038560598580967324
atom 30,-0.20811638892766426,-0.21198159399257271,-0.21782046549509315,-0.2149215866125036,-0.2055803004172213
atom 31,-0.008785974573233562,0.011993669031815198,0.027456305617515185,0.038022771813166246,0.049388711176955605
atom 32,-0.2647818736073699,-0.2515718139100322,-0.2569573507164787,-0.2725203920377366,-0.2801715574933043
atom 33,0.2904746030049551,0.2814305714846321,0.27745373218395974,0.2693722325599955,0.2532059187823955
atom 34,-0.33298197221807835,-0.3451532880344141,-0.3564933743851252,-0.36745003435165574,-0.3792858422742758
atom 35,0.0774555448091634,0.07900570583596447,0.07923144609589423,0.07810584164149066,0.07836677581620925
atom 36,0.2718059023285729,0.272159387620163,0.27298803226695795,0.2724020707916421,0.2697249265056158
atom 37,-2.6024249482387822,-2.652311553856187,-2.690216073168866,-2.7300625949069652,-2.770915625530569
atom 38,0.7089569508792205,0.6787630548706722,0.6491152928001327,0.644893022338997,0.6595528505452083
atom 39,0.341681938608277,0.3494676060971088,0.36407638894154454,0.3747531870900032,0.3955011963236624
atom 40,1.159570639097142,1.1619200330117336,1.1621557758534549,1.1620310113167063,1.1631273479712025
atom 41,5.219907867207065,5.922247718870157,5.651364241274827,5.174112196383299,5.516257414136289
atom 42,-2.977634762792807,-3.6369860541612065,-4.598623260913618,-4.941472985138498,-4.9525457591890945
atom 43,-0.5122473036039655,-0.511954471820443,-0.5107508159110258,-0.5103944665991403,-0.5110538922457935
atom 44,0.14212290571215716,0.14733097863043,0.1521331183660894,0.1502840389496431,0.14553061209493884
atom 45,0.2155476039541463,0.19999275786912613,0.18504904737392608,0.17178237282529818,0.16297881951969376
atom 46,19.97740378670583,19.801255205617757,19.956110261467327,20.280313650569216,20.495272667275962
atom 47,-0.7695680956578972,-0.7384571941908574,-0.6035908277961268,-0.49827253123713855,-0.518470929199611
atom 48,-4.3013203194553284,-4.4227475181172995,-4.454878903180382,-4.490653140154396,-4.5959302155705215
atom 49,0.08145229033590375,0.08278582915812029,0.08343013811994557,0.08405697211669014,0.08515726100614752
atom 50,-0.010535337848312593,-0.010104423492225073,-0.008693408138654723,-0.007464292122353847,-0.007602823347924554
atom 51,-0.047041826605749515,-0.046697510670418316,-0.046219390095213635,-0.04585307478776438,-0.04577073866881883
atom 52,3.1839565061137742,3.1910557391055123,3.1878926855310445,3.1805356768583137,3.176738464980262
atom 53,-3.1145774970730793,-3.157234218457847,-3.2143824776739143,-3.231142781612523,-3.205736956561271
atom 54,-1.3020593286540447,-1.2593880225936973,-1.2372534523584964,-1.234445170701422,-1.2338946668948865
atom 55,-0.6856708361726668,-0.6866518445956182,-0.6910854794689986,-0.6884144074152264,-0.6763539729353244
atom 56,0.20590115996737485,0.19948280060909152,0.20057668871191653,0.21271138703520345,0.2251205006112658
atom 57,0.6948314311064476,0.7120159357677119,0.7184048422870049,0.737532239517371,0.7735034123794228
atom 58,0.41049021362943133,0.3995610822783625,0.3899548946255101,0.3798543105359229,0.3688188464616295
atom 59,-0.21205656809589324,-0.21068171034440014,-0.20961583484306234,-0.2103196137336074,-0.21245144922238263
atom 60,-0.10601132437379462,-0.11312555685858075,-0.11696745513767423,-0.12025376640412862,-0.1261137160386968
atom 61,-0.13224248764927635,-0.13414317808911708,-0.14188800740682336,-0.14820655239276842,-0.14872932483846174
atom 62,-0.007255928963289076,-0.004114292488840062,-0.00189831227948768,3.1896611174464595e-05,0.00220664545396698
atom 63,-0.1913666755015173,-0.18574940620511826,-0.19361020298967974,-0.19770840769353357,-0.18793949626168102
atom 64,0.24176516814084348,0.2429828047267434,0.24377714119733507,0.24384944095699748,0.24396438272787171
atom 65,-0.153044613249694,-0.15371628360076942,-0.15380172584255397,-0.1542624258235949,-0.1550942024707354
atom 66,-0.14152807318342162,-0.14121700499906795,-0.14018304878027996,-0.13922838677357385,-0.1390656911904032
atom 67,-0.5910140870006539,-0.591038930752239,-0.5898892342464042,-0.5872916758232261,-0.5840800254599423
atom 68,0.29337636503081355,0.29318674367501557,0.2933758029873205,0.29395862853253973,0.29483139406095
atom 69,0.31715534905516846,0.3194271498552934,0.32090105266547186,0.3231699115929325,0.32761530348005835
atom 70,-1.9302530158687163,-1.9440962714417436,-1.9594698860721076,-1.9702589592914979,-1.9754284803931061
atom 71,0.8148725448457343,0.8095550839280496,0.8052429667039013,0.8008136852210822,0.7981946221607167
atom 72,0.7435410831045374,0.742778402384433,0.7472044559366885,0.7459171804488475,0.7373454157202842
atom 73,-0.02880146694657772,-0.027911399958032247,-0.02713824309483942,-0.02651119736084129,-0.025989577541673047
atom 74,-0.0034918888086210124,-0.0037444690557733905,-0.0033542485817009966,-0.0027271626108881066,-0.002666978343036121
atom 75,0.038422711767242934,0.038782779151131916,0.03923542692932133,0.03984533940128025,0.040774281675300006
atom 76,-0.06721953692922304,-0.06780432393734058,-0.06825794351112803,-0.0688316058954306,-0.06966805224788179
atom 77,-0.003980734661107151,-0.0029282975757081472,-0.004382961399758012,-0.006281000841438584,-0.0064901605922288675
atom 78,0.06783367501834159,0.06825120541863806,0.06837260812351191,0.06894941801234535,0.07008306262420927
atom 79,-0.021881830830371284,-0.021546109314997005,-0.02162142539248075,-0.021461943480634498,-0.020475855052363653
atom 80,-0.015907936037351224,-0.017714382537843885,-0.018283611909114594,-0.01827945810676336,-0.018803784427262427
atom 81,0.028223264387441667,0.026926188451965448,0.025824028004072415,0.024884294201844286,0.024126615796757393
atom 82,-0.8495615032088433,-0.8407226637394078,-0.8215777271528161,-0.8024352732189851,-0.7921929878450792
atom 83,0.18049649412839,0.1804041103775178,0.1928148192991516,0.20591730257960114,0.20714278340023254
atom 84,0.7064412035903731,0.701449285870218,0.7052027230506637,0.7046085135444607,0.6903369550963658
atom 85,-4.26579524837574e-06,-0.00016968864511555286,-0.00023154047560752,-5.846505945900219e-05,0.00022320577330324566
atom 86,-0.010571002411066142,-0.011465770703601694,-0.012718782294575882,-0.012995359806048675,-0.012266218951939727
atom 87,-0.0018072450869780971,-0.0015687573354902307,-0.0012338737298984864,-0.0015339126637160538,-0.0022976966130514643
atom 88,-9.83801125475663,-9.820937378758222,-9.843516318809773,-9.850512973224351,-9.832481583923368
atom 89,5.177832150297085,5.415822321818865,5.536302319153792,5.540059213054779,5.447793766382638
atom 90,2.484085208420333,2.4629544922495388,2.3875054926574237,2.3829129345879436,2.4651528830822933
atom 91,-4.146694540967232,-4.103144027612945,-4.0133766799583475,-3.8990092676722425,-3.7852918835498435
atom 92,1.7425757125421237,1.6872454197760884,1.6238602877209949,1.5694131035607344,1.5355858871791428
atom 93,2.569638387345308,2.645728918349901,2.8211366714310424,3.0239577870723,3.199033950670827
atom 94,4.801980010738595,4.883679320964246,4.952387263936599,5.012671421447058,5.065745326441586
atom 95,-1.7963021253712692,-1.8387610764612146,-1.8627959405888794,-1.8748326849571821,-1.911421822774943
atom 96,-1.4762012088255276,-1.4588014194506944,-1.478899717978896,-1.5213609177797909,-1.5465699860292592
atom 97,-12.634597781508758,-12.58994121077845,-12.611690132653104,-12.683924512395715,-12.739330062856789
atom 98,15.377968641924586,16.266382073035523,16.84012558053982,16.793927125805613,16.796157258834942
atom 99,3.864921050542289,3.928539759148955,3.968260685003629,4.050675080183346,4.265062027032804
atom 100,-3.3523709335126193,-3.3285103103245914,-3.3082341425053805,-3.2923241158025496,-3.273821749218386
atom 101,0.5722119473576812,0.5874111593110334,0.594506090272747,0.5993565935181969,0.6043861304382909
atom 102,1.5288536820314467,1.494015305699816,1.4418238725259058,1.3551014129308467,1.2554712184039167
atom 103,-2.7505943073324386,-2.7626120263386804,-2.7767008346829334,-2.7913326287760505,-2.8061042222419816
atom 104,1.2246068609808471,1.2230217461870654,1.2259990396862146,1.2378106835290756,1.2448666252744023
atom 105,1.2423313336505224,1.2510133100148437,1.2520300823753057,1.2634296842497623,1.2873087991325167
atom 106,-0.18605218381798774,-0.18823290774241977,-0.19054451411278922,-0.1926849128746563,-0.19449651876924293
atom 107,0.07028231441766825,0.07177128475258918,0.0720184432153948,0.0708644875498045,0.07009679600696049
atom 108,0.10310282915579291,0.1022585300946799,0.10080094471013629,0.0997852463002591,0.09957039519167402
atom 109,0.3716384238589166,0.3751028033910469,0.37720079501442527,0.3782776484710276,0.38104588658203936
atom 110,-0.2166005352492036,-0.2235505553926942,-0.2285444273080572,-0.23131575908024105,-0.23395095842366223
atom 111,-0.18655015685669407,-0.1891282693877269,-0.18967832978564814,-0.18858095004480177,-0.18722884564106204
atom 112,0.09467948264918374,0.09573498879528781,0.09638962462227632,0.09647382338081256,0.09683670994094083
atom 113,-0.08047522439454283,-0.08008630026091285,-0.08001222385986526,-0.08140311822366375,-0.08314822256080745
atom 114,-0.04626825681064373,-0.04716916304543671,-0.048136390009042324,-0.048910079827944854,-0.04929194546170926
atom 115,1.1063970006090202,1.1131644875175215,1.123106662538606,1.140695187154476,1.1613779271950426
atom 116,-0.4680021510714125,-0.45524462656819686,-0.4383274472253487,-0.4139044862217755,-0.3916487045352622
atom 117,-0.5525461943514929,-0.5525904368965114,-0.5545099319518939,-0.5536465222194397,-0.5485357523114629
atom 118,0.06716531697239848,0.06738346518412174,0.0671386920780028,0.0666491495926116,0.06634489064516634
atom 119,-0.07142310944532948,-0.07145171401767975,-0.07076687349100105,-0.07264248169324124,-0.07583746399646629
atom 120,-0.03883156528001256,-0.03866283160633585,-0.03861416302422482,-0.0389981523662356,-0.03988775232291372
atom 121,-8.850648333198954,-8.758640613855919,-8.71741053053235,-8.68749537379004,-8.633928694520067
atom 122,5.391927865152007,5.269393736668025,5.1124073108189885,4.90020647990308,4.616933564581499
atom 123,2.1774638748857402,2.156914764631231,2.048046719021472,2.0154310824444863,2.1038946526312636
atom 124,-0.1840630801210484,-0.19039208253111217,-0.18763955279679007,-0.18386596680496256,-0.1885855255293006
atom 125,0.020280901474687713,0.019085662099927146,0.015985449677916545,0.012200832564968326,0.010408861320268751
atom 126,-0.037654165992478866,-0.04137494368723757,-0.042215642615655066,-0.04338984787311271,-0.046501672806361645
atom 127,-0.7078905843174796,-0.7057434284540339,-0.6982703158575863,-0.6914449124278063,-0.6926578148013655
atom 128,0.388161152718679,0.39187951390917686,0.3949320408805757,0.39553809105835025,0.39477425379538295
atom 129,0.24941850494353934,0.2517066311341536,0.2515115526291365,0.24854686384645258,0.2464219729737344
atom 130,0.11592224775442077,0.11511287057667337,0.11573802637664639,0.11655259400962659,0.1160564969832064
atom 131,-0.06864121007683996,-0.06541797747734572,-0.06187482511305982,-0.06000564419392619,-0.060186431126629726
atom 132,-0.1896596930459845,-0.1935453221342615,-0.195855740404837,-0.1926563702102007,-0.18764945585097925
atom 133,0.10970660330221729,0.11061435867888045,0.11228970357809659,0.11396451023816884,0.11463066931602638
atom 134,-0.02747134103686344,-0.026488071081649276,-0.024616090530459565,-0.021872707668964955,-0.01905611535284213
atom 135,-0.08357165361099765,-0.08229137896489491,-0.08109473324159051,-0.0801347403571899,-0.07957472751344186
atom 136,-3.840773536360487,-3.8775494268108557,-3.915001287054917,-3.959489557479573,-4.004442495431223
atom 137,1.853831013280936,1.945100571198695,2.024724643219446,2.067276423251439,2.0712912849969145
atom 138,0.5880368870832408,0.6335598203676526,0.6533934052684351,0.6442045196015804,0.6503282341048918
atom 139,1.7344812145621635,1.7348187363054475,1.7314617405484196,1.744597634796372,1.7681991348845483
atom 140,-0.9055027486168944,-0.8713016267793893,-0.8406720321634176,-0.8080911119776614,-0.7704436810356166
atom 141,-1.8555912218317014,-1.926676771123682,-2.00925982693734,-1.9958225486803014,-1.916459068996438
atom 142,0.05820707087285103,0.058530447448355796,0.05937601649174507,0.059914476827188284,0.059650136730981
atom 143,-0.05834858841249797,-0.05867545117995051,-0.057366694012628554,-0.05652224105239752,-0.057290116117509254
atom 144,-0.014653964905710783,-0.015618119757109833,-0.014977144400434721,-0.014571896812446193,-0.015766949550762847
atom 145,0.2604611590772136,0.2795989655214924,0.31627929735789795,0.3578364566628228,0.39044751035008474
atom 146,-1.0362952462543356,-1.0532520394021403,-1.0629447748896106,-1.1119292540399957,-1.172071102374084
atom 147,0.07809532895528286,0.008472100162302881,-0.07391569846805393,-0.1586585990051344,-0.22089606248961166
atom 148,-0.5407076185849184,-0.5420791291722081,-0.5446586667067912,-0.5444949379291079,-0.541289377123668
atom 149,0.12042108399987145,0.11924478617506488,0.11441927347041264,0.11296028887063811,0.11608177586041349
atom 150,0.23059301537832586,0.22657427942186933,0.22508339039867375,0.22528508638431255,0.2274602736184408
atom 151,-0.5789563466136465,-0.571181870289505,-0.5666584881664487,-0.567215051939424,-0.5652208020850148
atom 152,-0.3761076331563156,-0.3882258439550224,-0.38101781966625725,-0.38279736589914276,-0.40621564993025067
atom 153,0.5831784191669311,0.5832723831703082,0.565041472783809,0.5443205630125387,0.5372157693981626
atom 154,0.7910565007474999,0.7955648161022348,0.796326926610053,0.790686298293931,0.782369731722289
atom 155,-0.180222917148296,-0.17935383953404715,-0.1799182665563165,-0.17904279434036585,-0.17806834841109256
atom 156,-0.29534801619747003,-0.27818121840077126,-0.25889271311543227,-0.24999821363933897,-0.25174805943477874
atom 157,1.0391366185077275,1.0407098756712392,1.0434667520595717,1.0465918114282915,1.0489608623689408
atom 158,-0.31475337028111305,-0.3195289789564732,-0.32468011368990135,-0.32603195907450155,-0.3252345673365771
atom 159,-0.7182062694693758,-0.728555247066413,-0.7392935989058376,-0.7483630856457785,-0.7534155597334209
atom 160,-0.09188215260187702,-0.09210578869678696,-0.09213996485340047,-0.09205965884068498,-0.09220722540539579
atom 161,0.044364885520703924,0.04470248988338989,0.044570626100515834,0.04427324413465801,0.044133658876615856
atom 162,0.02606088540207742,0.026071313745959664,0.02653335434348094,0.02737256638459847,0.028046568533953892
atom 163,0.05034715794848983,0.053400248761860704,0.05483078334351768,0.0538847291369201,0.05405051589627537
atom 164,-0.05971608400141551,-0.060437193963616416,-0.06156171514137917,-0.06314030292057153,-0.06433456030292166
atom 165,-0.0937155989974584,-0.0940271428120146,-0.09341530957163334,-0.09564315739511038,-0.09972781979841884
atom 166,-2.2640302990723966,-2.2865131890708508,-2.3113620019266,-2.3320959706046525,-2.354370225954779
atom 167,0.26483189235652005,0.25561763171658725,0.24889344762165855,0.2542515271814612,0.2674226250760723
atom 168,1.251059840751247,1.2859509518529613,1.294328296391886,1.2877397195513804,1.2831938647778225
atom 169,-1.3367412855489396,-1.340768111473872,-1.3426772092784,-1.3431704514897127,-1.3439944797267673
atom 170,1.4006184103068373,1.3896848672989401,1.4051153845402125,1.4355864191055525,1.4490078922643201
atom 171,0.5822778845714477,0.5818044342367268,0.582522370376574,0.5674045276379753,0.5545311846147787
atom 172,-0.7501676332194844,-0.7556158709046665,-0.7589075157134922,-0.7600369387125528,-0.7619040431975852
atom 173,0.2235453954842931,0.22316055153489497,0.22426902303054427,0.22820939908534874,0.23007418442049352
atom 174,0.3495347348235757,0.350661218207268,0.34858999183771067,0.3436116484491009,0.339051400692669
atom 175,0.08463048831585503,0.0876920619085702,0.09050525301157496,0.09328406276150529,0.0967247048211306
atom 176,-0.06609852565373198,-0.06250977605318703,-0.05927046969437384,-0.056194902532614596,-0.05307253330658864
atom 177,-0.04977161131618337,-0.05004808723795038,-0.04962675858779303,-0.04822135346135425,-0.04623378811594618
atom 178,0.15240665131558806,0.15824388461251243,0.16252481767670535,0.1655343821528433,0.16789263540717833
atom 179,0.10393957582212378,0.1060480712087422,0.10196948555228623,0.09223384953607727,0.08458617913482756
atom 180,-0.06432020881320692,-0.05484748767890637,-0.042339547818888684,-0.029890707079306515,-0.022350684461654412
atom 181,0.034371042221307845,0.03434967892584741,0.03480521226843589,0.03545289084545649,0.03569608716585579
atom 182,-0.004287556999918661,-0.004809646245041644,-0.005322757158834012,-0.0056396014336381,-0.005779402966564876
atom 183,-0.008247586660483575,-0.006947231726364056,-0.005169536383833463,-0.002973605983103845,-0.0016038802835416678
atom 184,5.429437820308197,5.374937376609368,5.3372683818375615,5.286654019101415,5.225156180709926
atom 185,-1.2695868562644925,-1.2776859200892146,-1.2966649699080086,-1.2625928725680302,-1.206985276805942
atom 186,-3.215273968920026,-3.29988145525028,-3.3952295148606257,-3.4863332641164404,-3.5225874632643004
atom 187,2.101759423569966,2.072311446246125,2.049825963002945,2.037482914319526,2.026374182406448
atom 188,-0.62777573085894,-0.6675977709121204,-0.7019460215183203,-0.72002717902233,-0.7370800758711776
atom 189,-0.7715352315549533,-0.786637592512155,-0.79264025511797,-0.7984550609022972,-0.8085398167791593
atom 190,-0.3118928712827384,-0.3066304957388172,-0.2953504492345722,-0.2971656975901771,-0.30712807530355346
atom 191,-0.33347142021661985,-0.35733321764112136,-0.37226538129190867,-0.37049138158822265,-0.3556738633565192
atom 192,1.0743086495669838,1.1108157423492575,1.13823204357492,1.121945813867471,1.0923434053667387
atom 193,0.004888341576559955,0.005084198807006332,0.005137037904707548,0.004932371471597233,0.004820090865015359
atom 194,0.015325339670421528,0.01616767714732833,0.017101510718053926,0.016435509409526292,0.014961675347906008
atom 195,-0.026768277310396597,-0.026274752334801508,-0.02568464430664592,-0.026211489340167468,-0.027038960720146592
atom 196,0.056631317817018204,0.057080605154323144,0.05760345332382824,0.058451448870577224,0.05930515517815714
atom 197,-0.09908696252978237,-0.09961769914775129,-0.09722513696913175,-0.09247285001947812,-0.08883332320754612
atom 198,-0.015487057612276004,-0.015095908403103197,-0.014798006063410998,-0.014815142268735476,-0.01547861250468741
atom 199,-0.8458689255094166,-0.8497838072535372,-0.8536700111341694,-0.8570608176728279,-0.8605512985240855
atom 200,0.479169686493581,0.48002869394277664,0.47751963755334,0.4746490357824576,0.4729277487745645
atom 201,0.5434584315120594,0.5458499235467585,0.5463054782230282,0.5475207748675235,0.5502840257054452
atom 202,-0.6473014118027655,-0.6550038965164393,-0.6578977958854879,-0.6603146696537896,-0.6649695704306149
atom 203,0.2611346183835011,0.2526059053042474,0.24104074891498434,0.23597960689319158,0.23738281607258674
atom 204,0.38375162790750844,0.37257562234279046,0.36011373505967154,0.34777104530601155,0.3379796373796553
atom 205,-0.10624157844172699,-0.10599503582789875,-0.10521864520623234,-0.10499650519972421,-0.10560604887420921
atom 206,0.07827366053246294,0.07852246179720324,0.07665955822188172,0.07508626246345565,0.07648734291685784
atom 207,-0.009816686189757519,-0.007162703519124902,-0.003465942449898796,-0.0025190173229915065,-0.003818595286991889
atom 208,-0.2102553481897285,-0.22831700578799638,-0.2630747571969095,-0.3032271034297071,-0.326403855081169
atom 209,0.006139910637602858,0.007836440827259763,0.0124168098858818,0.02235657892750074,0.030766658748290928
atom 210,-0.09413203243077134,-0.09133046550821626,-0.08991631754484768,-0.08580880061976733,-0.07010139687763066
atom 211,0.4454280075708216,0.4457523589404744,0.44611689703558843,0.44630802394462377,0.4463516914348617
atom 212,-0.263883530416476,-0.2649197090599327,-0.26388546065771096,-0.2624460549319879,-0.26217737711600025
atom 213,-0.25569222352502774,-0.2574105228024512,-0.2568939819211289,-0.2563570203425555,-0.2575925152017627
atom 214,1.8930791963103117,1.8904080880047802,1.8683327375474879,1.8350422135325872,1.807300918182276
atom 215,-0.5728628789500193,-0.560245016218111,-0.5563080065411798,-0.567577094102932,-0.5693257892006169
atom 216,-2.5522286091680164,-2.516527150983324,-2.522387763864838,-2.5861140920066488,-2.6432011880141273
atom 217,1.6034399828358776,1.6660265393868214,1.6838229189315923,1.6981219152875722,1.7430354056829667
atom 218,0.26976643471288014,0.20827923859945324,0.1550792468512807,0.11886368047164306,0.09164288465098572
atom 219,2.1347286580653244,2.1833545516035966,2.141796611206537,2.056130509831655,2.045151700921572
atom 220,0.4371474964722318,0.42020255339369067,0.40041690829696525,0.3846482292624726,0.3724120023473649
atom 221,-0.1352988473844048,-0.13496385596186447,-0.13420463352536435,-0.13308188899502124,-0.13598830941460469
atom 222,-0.4845236267371868,-0.49853404238526583,-0.5139970691122313,-0.5179378552279797,-0.5108457946107287
atom 223,-4.609099883802253,-4.2885599672389345,-3.952207550149488,-3.655703594449775,-3.372048522948987
atom 224,5.313813492857934,5.5448885895911255,5.826048474159897,5.987350929072428,6.005263677383996
atom 225,-2.3527052137586235,-2.9755475383284087,-2.787236323670092,-2.7500659447674973,-3.8333186619847046
atom 226,-0.00886134520344689,-0.00788537734916078,-0.007765334408406851,-0.007034817880593857,-0.00511514361897867
atom 227,0.03909602535535009,0.03798683749994697,0.03622185767738934,0.03539645932326061,0.03643916072243787
atom 228,0.06361501767241566,0.0626306332077757,0.061662633338404944,0.059683536258097566,0.05713880637467085
atom 229,0.08346327795284354,0.08417265971225199,0.08492512001600322,0.08566155839287501,0.08640083146763104
atom 230,-0.0662838389125631,-0.06822037655240215,-0.06856202946902415,-0.06782245748393383,-0.06834856568522879
atom 231,-0.028094709144943646,-0.028928727057825187,-0.029240828389240973,-0.029684414237826445,-0.030401623455871878
atom 232,-0.010052903797383625,-0.009015870255307815,-0.007810885367903149,-0.007148199637398337,-0.006545801979369043
atom 233,-0.025012545207268217,-0.022241340307343465,-0.020220709663601583,-0.019104836076716054,-0.01787443923717273
atom 234,-0.0162185082748689,-0.015506197051557636,-0.01483995503999908,-0.014989954210937564,-0.01580941703272131
atom 235,-5.740068053349254,-5.702838957014378,-5.664338619017825,-5.611141296605454,-5.548487245780446
atom 236,2.820255934408255,2.824136975656211,2.8289069162038096,2.8369928936248687,2.855701282257245
atom 237,1.626821593817252,1.64564244453552,1.5967702789011906,1.5462665908128201,1.5428090041940727
atom 238,-0.8133724210222731,-0.8139263962403298,-0.8141711770654726,-0.8145361639063702,-0.8154116031782574
atom 239,0.3831633076603616,0.3829009394013547,0.38422492740188263,0.3866101740579259,0.38883692331738096
atom 240,0.3746708113246015,0.3762896650143286,0.3771951671178202,0.37892873057623006,0.38192192115381274
atom 241,1.9832901477084324,2.0014013891082256,2.02719044450305,2.0566339063058083,2.0897891540475437
atom 242,-0.6872770710052696,-0.7058154747037756,-0.70779262861583,-0.7113411545252564,-0.7219986776240269
atom 243,-1.5605800509072714,-1.5687813576478815,-1.5638251895368076,-1.5708600321975827,-1.6017898555302892
atom 244,-0.5897531102168616,-0.5888405840295364,-0.5858061076404585,-0.5874114963068976,-0.5912282208615599
atom 245,-0.029284190463902765,-0.025068359478593545,-0.016410291874556338,-0.013748579175574906,-0.01711239205602051
atom 246,0.1944084273789217,0.20221820660266518,0.20915361948426336,0.21570845108221473,0.2202972520279325
atom 247,-0.6172624922613428,-0.6190357629957576,-0.6210008878811997,-0.6228028994422274,-0.6241326406919431
atom 248,0.32887998551305264,0.33032040231404886,0.3313861800977189,0.3340368947858106,0.33757675580782154
atom 249,0.23541808451912294,0.2385673103942488,0.2375651033301693,0.23530619362676825,0.23615641573488208
atom 250,-0.25018226399271776,-0.2510979939265323,-0.25037259696037295,-0.24913268291862237,-0.24939523807576153
atom 251,0.15543635897995403,0.1567422055256071,0.15859574336246204,0.16143371613309787,0.16443864881718975
atom 252,0.06556426099651821,0.06626417309240328,0.06855671715265498,0.07170775998926393,0.07301233707944663
atom 253,-0.10454696567926793,-0.10321098394946943,-0.10121374104801549,-0.09888615868027775,-0.09721597559843435
atom 254,0.030076475553986497,0.02916959387446513,0.02961168208471053,0.029813620804647084,0.0288717491807781
atom 255,0.049571125746868144,0.049140755181218784,0.049404961026575066,0.05046418539153867,0.051869626599200275
atom 256,0.6221644270684634,0.6154939264209628,0.612319908802542,0.6111265610898843,0.6068414069935365
atom 257,-0.6113330164321755,-0.6224016928221736,-0.6239690207473857,-0.6148682088424479,-0.6143286707740229
atom 258,-0.3199446169359756,-0.3223174170501185,-0.3251456313809336,-0.32909134792092143,-0.33368930242752753
atom 259,-0.3780747187413113,-0.37857999564667827,-0.37957993066203577,-0.3809267457690422,-0.38188503916284094
atom 260,0.13820156190482838,0.14031280795526915,0.13987796055854326,0.13771669078657325,0.13719445420715823
atom 261,0.1677411729549114,0.16803590058992068,0.1680217178845868,0.1678690262427561,0.1675470227541037
atom 262,-0.048690688400457725,-0.047308397147487885,-0.046668712491709716,-0.04652115825709396,-0.046232606938262075
atom 263,0.010426093383658252,0.011297129640081525,0.0131896841018179,0.014749208073895232,0.014253365666942816
atom 264,0.06207491015005696,0.0635259560229533,0.06489549701720482,0.06552174442850145,0.06573657396666642
atom 265,0.13226829315132935,0.13248109499329752,0.13268804229918607,0.13303683985827208,0.13349655907415395
atom 266,-0.09224117859603383,-0.09229710460001005,-0.0918984447256939,-0.09116843955860057,-0.09080983424958115
atom 267,-0.07551449040356531,-0.0762157615926764,-0.07644351529682429,-0.07639437623020073,-0.07640928359412495
atom 268,10.84110531633349,10.874951080109739,10.794240523749341,10.659806723079619,10.611912214990598
atom 269,-10.208960562495854,-10.27792014558812,-10.464022427265844,-10.537718084656065,-10.405061385388485
atom 270,-4.79028005108977,-4.894712678700145,-4.843574041820688,-4.756206980623706,-4.751059906139532
atom 271,-0.0713962829824528,-0.07262045542876619,-0.07097281240684865,-0.07029660960032115,-0.07216215622115277
atom 272,0.0369029302055519,0.03832866595721778,0.039514011635924204,0.04056331713653677,0.04172561970467599
atom 273,0.06098437203079362,0.06357581197115095,0.06521360964063659,0.06582131258339409,0.06733959103022237
atom 274,-2.462133075888065,-2.4651156701063743,-2.4725285327752275,-2.4854668335661327,-2.494465474656717
atom 275,0.6127573085108511,0.6273313227868448,0.6380554704748206,0.6312492850172249,0.6239580383527884
atom 276,0.8160994473785262,0.7925114391086951,0.7773688107991683,0.7865519423279346,0.7913955853650853
atom 277,-0.05532583894004106,-0.033247015672058705,-0.014446057487598413,-0.0039786956770398885,0.002922123321697865
atom 278,0.10141694237877878,0.09892737887974706,0.09599635532245335,0.09194751246311467,0.08768426897876216
atom 279,-0.06021041360350866,-0.05883513346419882,-0.057989349159714,-0.05469992304454584,-0.0480559653991366
atom 280,0.06473105995132246,0.06496714226710132,0.06453660382626862,0.06396579868864298,0.06389962903205992
atom 281,-0.03112212127697244,-0.03150482367432335,-0.03193917009570446,-0.032426638898967505,-0.03299652426455763
atom 282,-0.03374180853014522,-0.033148814719060865,-0.03251093592582344,-0.03194720935269575,-0.03152268903546133
atom 283,-0.023643602314392397,-0.02339740235514465,-0.023219775760508887,-0.02321249688970071,-0.02313514157497581
atom 284,0.034707413450338925,0.035867893164616894,0.03542644116117317,0.03421944979218517,0.03443362014477574
atom 285,0.0038756129225029144,0.004146296341450722,0.0036928201486500847,0.0032203591574969624,0.0033134139538683258
atom 286,0.599385503906771,0.6048715684244353,0.6115906242270379,0.6166459136966888,0.6196012096782675
atom 287,-0.5836004036357755,-0.5739851482489902,-0.5648371511720951,-0.563073069420854,-0.5713042207364851
atom 288,-0.47363707613137634,-0.45886536893433616,-0.44834123032132767,-0.44485889848685306,-0.4467102736456976
atom 289,0.10619186766459941,0.10967003526628887,0.11166613975112093,0.11399879811420564,0.11743353869797221
atom 290,0.012154487831178479,0.008075766031322677,0.005267760049961335,0.003198674667633026,-0.0005014668436079049
atom 291,0.034677446256402934,0.037720470552815695,0.03494364182423758,0.03215151932999707,0.032272928871667564
atom 292,-0.05140765115959652,-0.049992579727136235,-0.05045770291887079,-0.04577888000887779,-0.03514565696720139
atom 293,0.4156945691510146,0.4032135398977527,0.39401134052517195,0.39478913349663025,0.3939869401863051
atom 294,-0.0956582546331916,-0.10712049193911917,-0.10855771806449685,-0.10856738186235163,-0.1107595688357125
atom 295,-0.4852558208090939,-0.4844802374417385,-0.48785926032929977,-0.49658044488109027,-0.5037521372863814
atom 296,0.6518058994557623,0.67478192817345,0.6933523322644423,0.6846845520670478,0.6641392400008608
atom 297,0.29673256575191964,0.30242845806437374,0.30193780032776935,0.29699548543332954,0.29301820321169536
atom 298,-4.677609026906623,-4.730867846324289,-4.777264729901032,-4.79866931068785,-4.805928640088024
atom 299,2.1437467082700694,2.1771479961920472,2.234947763746296,2.3009994419907542,2.3549543119107192
atom 300,3.8884759293663165,3.9100491542413343,3.915495577537048,4.019973714797097,4.168321703849749
atom 301,-0.08637692232560236,-0.08610300732438324,-0.08460753611315863,-0.08283126466107768,-0.08189904340391008
atom 302,0.06653942958095821,0.06727635747031,0.0691649505684731,0.07123517029108038,0.07214875199955464
atom 303,0.013618501128103333,0.013599841861334467,0.013586235069188088,0.013999320325499576,0.014612173532532788
atom 304,2.1964376867954507,2.2484213197995326,2.3103995454371082,2.373561262766194,2.4292470109429263
atom 305,-1.9999028254628246,-2.069919792896195,-2.130383120017439,-2.1385243678112524,-2.1258931236106693
atom 306,-1.167914398312512,-1.1337617479929745,-1.079518764469788,-1.0117633710926357,-0.9676160628363212
atom 307,0.06156712624301144,0.06114468664951892,0.06061354842936512,0.06017584075941559,0.06006968940192903
atom 308,-0.00931528117071043,-0.008980757999602575,-0.008546357812167754,-0.008263413583013024,-0.008057069717902748
atom 309,-0.03266745706712951,-0.032177379972519335,-0.03166047254178747,-0.031197538978261698,-0.030754794224543126
atom 310,0.03280553042551587,0.03320688636470184,0.033523479915451126,0.03357639601905076,0.033358324481232715
atom 311,-0.007202444017095735,-0.007713966963661442,-0.008324059630907323,-0.008952304676923931,-0.009583527024959489
atom 312,-0.0016076217194568002,-0.001439046459205739,-0.0011316394808354641,-0.0011007493518379104,-0.0013630696015542278
atom 313,-3.442651541246367,-3.4621958365301375,-3.4867812961752755,-3.522057211059805,-3.567445342905094
atom 314,1.9015289538199116,1.933566417375435,1.9523952427409554,1.977854819740074,2.0286405054255625
atom 315,0.8402629817069028,0.863561501663711,0.8622749292981203,0.8470534735932616,0.8495922709339443
atom 316,0.4230689335139559,0.44356659584081914,0.46709490034945966,0.4895400664712086,0.5182263625878084
atom 317,-0.6869863472893857,-0.670940248870031,-0.6610244147292968,-0.6526594108122693,-0.6286282099662162
atom 318,-0.04082114997440285,-0.020518391827294768,-0.014932840360120752,-0.011760281264099644,0.005285929699999579
atom 319,-0.11777849838074267,-0.11784815461265744,-0.11789011846470422,-0.1178942240594461,-0.11835262743014759
atom 320,0.05074611085161525,0.05091057593591469,0.05049595049137412,0.050122718988928804,0.04983870035363079
atom 321,0.07381328243720185,0.07414178000179313,0.07474667498622568,0.07634036979062293,0.07749275818860277
atom 322,-0.31517536677585467,-0.31495664330501955,-0.31441022059665663,-0.3132112710991622,-0.3119463174329306
atom 323,0.15401034900201743,0.15357851127944133,0.1533715883975321,0.1541319980240728,0.1559309852753437
atom 324,0.21607435457826024,0.21444626828876623,0.2108211349267049,0.20953654668878963,0.21198389853905888
atom 325,-0.7646688654831156,-0.7669118377870725,-0.7687885906733734,-0.7704565800436323,-0.7723262284486493
atom 326,0.3387722154563174,0.33821146574429956,0.3357847423590073,0.33597433774261826,0.3391995406243035
atom 327,0.3496115373766867,0.35252081115181916,0.3543104950849821,0.3560099183579736,0.35734053546493
atom 328,28.674911114192387,28.92115260122881,28.959369160882183,29.110818241450318,29.3703932843316
atom 329,-38.216825638406746,-37.98344958927632,-37.69126769345946,-35.95081656851406,-33.711252719535636
atom 330,-7.759493079364567,-7.554944020607062,-7.497730086168941,-7.624646217866728,-7.668413942590612
atom 331,-0.12840400345026393,-0.1294581655290405,-0.1295138978314024,-0.12851443770311433,-0.12806627589551664
atom 332,0.12365338708500362,0.11959670302678801,0.1118844377589981,0.10634330112244719,0.10497625521717639
atom 333,-0.0024411504779426126,-0.004521337235259383,-0.00516066737918326,-0.006094895057774268,-0.008984269496931385
atom 334,0.938180018071611,0.9390129342325887,0.9398699009506554,0.9381287892827276,0.9345946840847232
atom 335,-1.0287923196545923,-1.032524539387063,-1.0176528100705096,-1.0101606555019205,-1.0250001915462763
atom 336,-0.3830395053217535,-0.3667493942810014,-0.3572721085723213,-0.3566325190022129,-0.3524128644618893
atom 337,-0.5527385003563614,-0.55207690176791,-0.5500684055147805,-0.548393992817484,-0.5489674317388171
atom 338,0.2565830597066589,0.2587745280159597,0.25791436003382406,0.25454049371157533,0.2508971683710155
atom 339,0.33364120797811014,0.3347813423737453,0.3337876052891846,0.33192851431961584,0.330928457291514
atom 340,-6.923741334797946,-6.979962326099478,-7.058150642270986,-7.145707053527262,-7.200369802215908
atom 341,6.382625403141758,6.132580955542292,5.992267604083159,5.966299146695958,6.03302109091521
atom 342,1.750211803998547,1.7914161942241738,1.8477323657943168,1.8406060691230117,1.7937305288684335
atom 343,0.056444829412604244,0.05186021065484204,0.04639671101913701,0.04241554389028785,0.04132995980328252
atom 344,-0.18997054273266092,-0.19412395272841843,-0.20353444910140187,-0.20336886398824916,-0.19248493556839527
atom 345,0.1151111749035509,0.12097835855825054,0.1199676987159509,0.11907236704892282,0.12607289553976878
atom 346,-0.16174725260286088,-0.16426591140277846,-0.16677411804552653,-0.16863754048878432,-0.16974535650714223
atom 347,0.20607618621255389,0.200098208201134,0.2000367789046712,0.20706391258834228,0.21113537206659572
atom 348,0.0244856552095383,0.022770211294540564,0.02007580372182539,0.020008273599401855,0.022356989145663798
atom 349,-12.064161763958987,-12.053491553985372,-12.031325341950637,-12.009907135902385,-11.997677303975834
atom 350,3.3903989825903,3.42385330375866,3.4318565958649394,3.388764418904301,3.345650576402281
atom 351,3.849709289203144,3.930297874824661,3.9674913747743616,3.9722474778163,4.001745997637306
atom 352,-0.4135898449949923,-0.41436442440787563,-0.4140445899170283,-0.4133303901111619,-0.4136358229022946
atom 353,0.2676269935715347,0.267939063356542,0.2666063827178778,0.267409680704471,0.269184311869989
atom 354,0.1776723307540537,0.17573792413389663,0.1759605045257301,0.17894432862827542,0.18225561878912513
atom 355,-0.10732157628800156,-0.10737425601569041,-0.1071009342123035,-0.10709966514918373,-0.10724996579116776
atom 356,0.05160213883557869,0.05165811440330765,0.051577901887633046,0.05178215503252285,0.05273496536269242
atom 357,0.025953217085222056,0.0254330611532662,0.0254121455223102,0.024728485311009896,0.023217940021359705
atom 358,-0.19194079274168396,-0.1924228431586027,-0.1933474713604753,-0.19462137909283783,-0.1955391797148606
atom 359,0.06318766341021999,0.06367696729737428,0.06342480496406529,0.06422477789558631,0.06647645799783551
atom 360,0.07013862401931667,0.06968435663196247,0.0690130401316585,0.06845535453506862,0.06807029400671134
atom 361,0.43111910305805246,0.41898251082129656,0.43733398963145426,0.4537111171248794,0.4407386413927624
atom 362,0.7753807946046215,0.763323680495161,0.7854002092714869,0.8055751658205428,0.7857057887030414
atom 363,0.8741107726331779,0.9073772027452865,0.9066599274629202,0.8727182831419767,0.8463373243022253
atom 364,-0.1257566324416434,-0.12588293381741678,-0.12572778041152083,-0.1258066319398976,-0.12649512534253232
atom 365,0.05452406406347323,0.05434022499034862,0.05402329426376239,0.05342946587053641,0.05292104630175279
atom 366,0.04342753304882892,0.043321630542497915,0.04210086763309599,0.04017038503489157,0.038700438757068266
atom 367,1.2161700072737065,1.2040720701665673,1.1889240604968536,1.1604792056632145,1.1203583647021194
atom 368,-0.12831805827717335,-0.13230805032154916,-0.10880744831608141,-0.10160723379455715,-0.12466777633572276
atom 369,-0.6014810706354391,-0.593707012311307,-0.5905170615151457,-0.5999756157563029,-0.6226649656231751
atom 370,0.052471258010067065,0.05318253137390014,0.053058577342277626,0.05308900681652664,0.0541599282704121
atom 371,-0.036113416419544776,-0.03717739962451923,-0.03811983259042991,-0.038949510649147034,-0.03979554235069572
atom 372,-0.048550896404425885,-0.04739453580658075,-0.046971599905550436,-0.04691634776370132,-0.046251948948921734
atom 373,8.717000827690736,8.816890086047788,8.935241165303163,9.045857438184992,9.105095361217694
atom 374,-3.6197412218219283,-3.520518206838665,-3.393665492307618,-3.263877097850301,-3.1693261606787346
atom 375,-1.048633534058275,-1.0422648921062,-1.0756575915247872,-1.0966273980198202,-1.0684132732209681
atom 376,-0.016138296737250146,-0.01601453022480861,-0.01594675044510037,-0.015938953733627106,-0.01584446386632295
atom 377,-0.005021813485354819,-0.00481790998777578,-0.0058552878842345205,-0.00657028360220561,-0.005990827276546431
atom 378,-0.0038383554144396374,-0.003951088197331229,-0.0038555787261653424,-0.0038496687617234804,-0.0039284574164177915
atom 379,-1.2821327115452854,-1.274595505111449,-1.276125144220119,-1.2787673958572912,-1.2770184834157425
atom 380,0.6365759815219257,0.6618233738459651,0.6809896274573162,0.6914030637967201,0.6912815839867514
atom 381,0.2455210832907925,0.25248504236407426,0.23561587007584942,0.22400914622463303,0.2340369519006221
atom 382,-0.0734588801923677,-0.07399065614568313,-0.07490443232776975,-0.07545968176481935,-0.07553755494147074
atom 383,0.014890873716637325,0.015039910033504553,0.013871784207280484,0.013392395856786962,0.014357444238352559
atom 384,0.03213481800802936,0.03260508426298427,0.03282646676587653,0.03305397774292343,0.033479101533412485
atom 385,-0.10559019380121407,-0.10325886132362218,-0.10308648316985114,-0.10428077457241496,-0.10441635604931557
atom 386,0.01609318842827667,0.016045917016937476,0.014143988600819852,0.013246847963573248,0.013978188205018328
atom 387,-0.005380872537123498,-0.004183320232536877,-0.004008040763020015,-0.0043562174884272135,-0.003960590826788859
atom 388,-0.09353295463915552,-0.09306210300362644,-0.09186687444179148,-0.0911757242702734,-0.09154342902216286
atom 389,0.04931376964430563,0.050367042171040155,0.05083382024176364,0.05043202412626706,0.04950810185655631
atom 390,0.017883753893032137,0.017940447395463636,0.018521836430309618,0.018286051434227086,0.017161042761647517
atom 391,0.30957449604237425,0.3142818937129019,0.31936983489394366,0.3255895249105765,0.3306829284006299
atom 392,0.005171370296784108,0.004005277585187318,0.008921362174587279,0.015885637240202807,0.0151557502127169
atom 393,-0.03771773452999466,-0.035356622518344046,-0.028768106278121545,-0.024544820072438474,-0.024993365815700424
atom 394,-0.14755347320536405,-0.14629312548971019,-0.14766228769702258,-0.1498357561371626,-0.14920471376845368
atom 395,0.17844486499405482,0.18057434037005035,0.17842093358379754,0.17684147300060082,0.18100562428681993
atom 396,0.01005305027781816,0.013143031270370108,0.014882947873021518,0.012186015486063193,0.009629980385943414
atom 397,3.134580635808599,3.1446930091359424,3.1585417024351887,3.158582115708219,3.138035133582502
atom 398,-1.271163502844241,-1.2620114574191317,-1.2469308826393013,-1.2508452201269578,-1.275932472119736
atom 399,-1.5143323734179523,-1.4966910674298932,-1.482930439674925,-1.4746224916924566,-1.4652514233663663
atom 400,-1.8945442907259027,-1.8971389518695718,-1.9202819726299238,-1.9387210895936424,-1.9424903899995114
atom 401,1.3010098554167728,1.2757671431976418,1.247293795407083,1.2253384879365814,1.2115089783717847
atom 402,1.6779807137615532,1.686589757340196,1.6708473723788058,1.6803403873900693,1.720381645290784
atom 403,0.08260058028498493,0.08515512752566441,0.08714605315559457,0.08816514736204674,0.08934076999109603
atom 404,-0.049880852655557674,-0.0486214586356999,-0.04702886863190967,-0.045551919907290586,-0.04468872150292346
atom 405,-0.08103210562599387,-0.08194316126078328,-0.08255167452412271,-0.08301421581098105,-0.08327030280924975
atom 406,0.04032231041034483,0.04088616031282288,0.04139747830080303,0.041999649870876274,0.04265906270931657
atom 407,-0.04751971848611333,-0.048113417753665434,-0.048494733176398915,-0.04866030931127495,-0.04885113569956001
atom 408,-0.022492248424676214,-0.02226527844546314,-0.021778473283837765,-0.021336683739541985,-0.021283506992444086
atom 409,0.2587824408084967,0.2571032792258858,0.2574431212215325,0.25592746306370706,0.25161819328149054
atom 410,-0.27409996518717106,-0.2700037826664327,-0.27285429934707106,-0.28246501390402967,-0.2874070809257782
atom 411,-0.012525307662087135,-0.01567650514858298,-0.011373344334631733,-0.0037375416454970105,-0.00014494785932572856
atom 412,-0.11109031780175893,-0.1081286585371228,-0.10496149484261195,-0.10431264611316467,-0.10611488245722636
atom 413,0.08709187132208082,0.08944702233950835,0.09176436643569018,0.09344858658651567,0.09416411346823395
atom 414,0.17060001040421113,0.16836360856541754,0.1760829844969041,0.1813846729800426,0.17549259280742102
atom 415,-0.59605258159089,-0.5863743699398324,-0.5846636625033074,-0.5830802643253528,-0.5725699723286893
atom 416,0.6100528994193264,0.6122743137370938,0.6110844723384442,0.615261629563437,0.6379950569302242
atom 417,0.4579718218815692,0.4479415751042323,0.4384951824598841,0.4299850741656988,0.4237950221093236
atom 418,-0.22959896590897025,-0.23436155975205017,-0.23572614992386254,-0.2352977252855195,-0.2374543240955997
atom 419,0.07341466785514868,0.07383412059952887,0.07292083775167729,0.07233300604075425,0.07308278493456376
atom 420,0.11981611595931563,0.12071580387985803,0.12213185045464134,0.12368204260113456,0.1253014720809419
atom 421,-0.5222432157650775,-0.5134711998397086,-0.509648643441961,-0.5030240756655292,-0.4911870671014811
atom 422,0.08161247441591722,0.07241275967371882,0.06476306630706821,0.06516506022543336,0.06936495964737732
atom 423,0.4062161260430153,0.40251687039243145,0.3946729365351862,0.3837630280629359,0.3724604449266492
atom 424,3.368979140117189,3.3878662702528017,3.395861192477792,3.3833350231199204,3.372783051272546
atom 425,-1.4702017750011378,-1.4475120088126219,-1.4288701919142737,-1.4180706352320196,-1.413818461103645
atom 426,-0.8649375071552929,-0.835353231547081,-0.8159408813883441,-0.8351703069320576,-0.8699607974858588
atom 427,0.06639135628940684,0.06724649386830386,0.06727955593686025,0.06667078782811474,0.06653264251917006
atom 428,-0.001545980327929079,0.0006713863323549571,0.001629403168768053,-0.0013920089218232132,-0.00613878339241642
atom 429,-0.04387061948619038,-0.04301820846620805,-0.0419921355681759,-0.04141455704707054,-0.04099805604837183
atom 430,9.86819191406988,9.7935850391779,9.702066209851269,9.614138327990586,9.525234137391243
atom 431,-2.9438563264287225,-2.974327076074562,-2.957541223497871,-2.8937070401915745,-2.8753588642061847
atom 432,-7.292073940167976,-7.341714202866068,-7.232910914126345,-7.022183020454179,-6.889677986492219
atom 433,29.556194386676307,29.618543291708196,29.369011261918914,29.091243748221455,28.970744071654355
atom 434,-14.009302835594069,-13.474489534290656,-12.975992390837089,-12.493046282235007,-12.112969401431224
atom 435,-4.322272138492894,-4.366529245000565,-4.458240204375809,-4.50070842096058,-4.472318725166819
atom 436,-0.4156784228764413,-0.4191475806880833,-0.4207784379855395,-0.420895060035682,-0.4216332338235478
atom 437,0.13698312309856628,0.13707923620462883,0.13585273528443745,0.1351772670467453,0.13670717300320642
atom 438,0.3065004886914195,0.3042305019203538,0.2978730183980725,0.29096680338785796,0.28713066043386776
atom 439,8.603072918747552,8.583797079696216,8.595941836684235,8.674003784595756,8.74282892775049
atom 440,-6.342435512332237,-6.069433272662404,-5.763250134158667,-5.496104995482007,-5.294518215453325
atom 441,-6.614493976237627,-6.621189829541123,-6.606106982373825,-6.623201405586813,-6.719163991032481
atom 442,-0.005270280775323934,-0.007303716804405346,-0.006268760329971031,-0.0019062789355508607,0.0016837024486757743
atom 443,0.10570988040795477,0.09820831264559862,0.09253820858625827,0.09111523412376822,0.08857347076793298
atom 444,-0.14674775670644585,-0.1506453541208502,-0.15806487397917635,-0.16121109930312186,-0.15931666907526654
atom 445,0.6187008005489627,0.6208221617123698,0.6232429412716814,0.6245849345189047,0.625675484122123
atom 446,-0.2742253750916253,-0.2758273409120012,-0.27822025679778073,-0.28066897362438953,-0.2820195221711416
atom 447,-0.2594435666136345,-0.25803765285422364,-0.25934882575354495,-0.2616997340617655,-0.26075073593666914
atom 448,-0.07468808956835075,-0.0766809770289015,-0.07812380307629484,-0.07914478548008475,-0.08007569643268819
atom 449,0.0919398789216198,0.0920997407413147,0.09285343137295396,0.09446198399346555,0.09584490413166201
atom 450,0.03282703830204149,0.035306961434260896,0.03681546034301142,0.037940859702746764,0.039254285740132636
atom 451,0.08919652313135483,0.08306075339627517,0.07061523917285965,0.05381806947409319,0.03648980973110647
atom 452,0.4752113011513529,0.4892527262639178,0.4824708546229988,0.467244578924115,0.45951899266104573
atom 453,-0.8076760845810216,-0.803812670998311,-0.7964764468676742,-0.7628474991013853,-0.7132843026199386
atom 454,-0.8021427663675147,-0.8106296216917126,-0.8203479672719899,-0.827016282303802,-0.8315456702591455
atom 455,0.3870771366065261,0.40811522658804783,0.4241456719056582,0.4317748132286129,0.4311723679888104
atom 456,0.13987698193455708,0.13801221612335643,0.13299817175592452,0.13710777871255903,0.1491652662524557
atom 457,-0.0008860713496037762,-0.0003735907797832194,-0.0001961275696203768,3.718217379789205e-06,0.0003250911981079778
atom 458,-0.008708560118301146,-0.008184397219593322,-0.007865054258915457,-0.008084770656901417,-0.008815851081852913
atom 459,-0.004175465944121483,-0.004249837975149992,-0.0043646395929821565,-0.004526817549387188,-0.0047059157944814856
atom 460,-2.8388854985221745,-2.8386710753382935,-2.8444879502668767,-2.846586802472889,-2.8377606349271742
atom 461,1.3874158760445703,1.381814987769101,1.3536461078276947,1.3280810515719528,1.3185474528771033
atom 462,2.7934440587756924,2.794751485300765,2.7774556600090583,2.7595031230201745,2.742081948005256
atom 463,-1.403382522330262,-1.4171488643085792,-1.4318224613393866,-1.4432474030464966,-1.4506103425456138
atom 464,0.5707798683253037,0.5786254449092407,0.5775681265089909,0.5730892323906035,0.5712401595149846
atom 465,0.5190311438661992,0.5061145161714207,0.4936050673270975,0.4867595144397737,0.4842033730295376
atom 466,-0.007764366383272841,-0.007555753890780379,-0.007019236963319682,-0.006508941622454373,-0.0062610032235074125
atom 467,-0.00017613963810117394,-8.965425408010177e-05,-0.00013423309616353537,-0.0001662056958389183,-8.750265866269791e-05
atom 468,-0.004433779204906587,-0.004811143073880051,-0.0049155098247178775,-0.004833597833440679,-0.004807411343774042
atom 469,-0.008957071380041669,-0.009266717304427735,-0.009577112079690345,-0.00984509703673095,-0.01006675491970907
atom 470,-1.1759072966715305e-05,-2.0143955190479352e-05,4.064709846910296e-05,8.78355977674791e-05,6.181298176298293e-05
atom 471,-0.008266768427301351,-0.008099273910754419,-0.008591301291045673,-0.00930575528928571,-0.009535765367205485
atom 472,-0.23778321020746887,-0.23453997751584135,-0.2335412844320845,-0.23577418367802092,-0.23743002854308803
atom 473,0.004659164000400011,0.0070140849098318265,0.01204899902611104,0.012052853058221841,0.008265977987845553
atom 474,0.22268315622222765,0.22828652383028264,0.22610146926978864,0.21872127578631576,0.2135254183959287
atom 475,-0.00792867506051037,-0.008654971746884408,-0.009153988774587047,-0.009578092677694584,-0.0102164269615556
atom 476,0.013169115298086216,0.012612803559939476,0.011901518797139111,0.011410459271379684,0.011341574488856766
atom 477,-0.0005834486862442868,-0.000659471004870782,-0.0005300834512104255,-0.0004944185754313623,-0.0007126139363995036
atom 478,8.03740540561137,7.934877715984457,7.876464276758652,7.885361241725164,7.896407432089258
atom 479,-8.472210576989363,-8.437155623426436,-8.462660454568782,-8.323963526929045,-8.128223911277676
atom 480,-3.5995057255569236,-3.6447889661063506,-3.7450648702027216,-3.758747474243489,-3.650141679344268
atom 481,-2.0824342059633385,-2.102818625583888,-2.1250260760074706,-2.1454096421953657,-2.161835234385475
atom 482,0.9141836911572923,0.9165482651188571,0.9127663596488343,0.9093533718168401,0.9127143326898979
atom 483,1.1812327067490593,1.1828097806450795,1.1842298857883795,1.1822985674331679,1.1777064802141348
atom 484,8.11948456858527,8.117319472172584,8.171867899243232,8.18415993268142,8.097176602392677
atom 485,-1.0349161297701917,-1.0931124988910534,-1.020629075996395,-0.9126188036000628,-0.9203590614228151
atom 486,-2.521115676178881,-2.4484741472197773,-2.3833035122836623,-2.338687029020215,-2.297460195779807
atom 487,0.36560453264357073,0.3660747375299414,0.37167251300441784,0.3767595509703033,0.37664816927574307
atom 488,-0.04136302708137315,-0.04282702449353309,-0.03575051095267911,-0.03281612172400842,-0.03813896954116409
atom 489,-0.1643456354359237,-0.16859375078196148,-0.17113084112423005,-0.17183474976704663,-0.17081510580966655
atom 490,2.1351522667017124,2.1129099308768007,2.100509368081786,2.107316632745976,2.115833886357694
atom 491,-1.018254792497509,-1.0390091640271206,-1.0547861794408453,-1.0649478880772556,-1.0753030074914414
atom 492,-2.4052261082242605,-2.4260254765632667,-2.4089908500339776,-2.3450342192781495,-2.2951723562563293
atom 493,-0.3429676883859715,-0.3438496625953349,-0.3446917581956508,-0.3453729646697802,-0.34602929133213683
atom 494,0.12687480250769562,0.1273618537825866,0.12625442223682806,0.12559583529843485,0.1265552837514156
atom 495,0.17228373990549162,0.17402459032971976,0.175252691244308,0.17605362783394857,0.17672058912287733
atom 496,-0.7917180779889599,-0.8161949567632185,-0.8479988447717722,-0.8985890341402389,-0.9530505155132141
atom 497,1.2809167306539848,1.310529329143508,1.3138585188543817,1.3156005931688943,1.3235253580996713
atom 498,1.3376584919687027,1.3980789496664925,1.445767416507868,1.470822150922253,1.5017607318970294
atom 499,1.1376036366298452,1.1298629130304718,1.1293095503105994,1.1415756428436439,1.150143906367811
atom 500,-0.005411551740537864,-0.028143304010014414,-0.044477757323045986,-0.05484327512128516,-0.0736756055822598
atom 501,-0.2917487534453571,-0.28921388945193766,-0.2938694991999681,-0.29082311740687433,-0.28071136973772026
atom 502,0.4956033566563403,0.49628427251374774,0.49958544957348927,0.5002669727031892,0.5001339750034767
atom 503,-0.13036117085241217,-0.12482912528284498,-0.128063190168484,-0.13773124357110758,-0.14180340394864835
atom 504,-0.4070938969811871,-0.406647343776943,-0.3993362604817414,-0.39729447774768806,-0.3998586745330183
atom 505,-1.6181513934157097,-1.6272059561592092,-1.6362921708650702,-1.6410199614185523,-1.6437024455309222
atom 506,0.9418645613511607,0.9429855604571504,0.9405798341998826,0.9420542338639456,0.949796265167886
atom 507,0.7504731426934538,0.7439421530965933,0.7353272981070375,0.7212931263513873,0.7052977189482217
atom 508,-10.236913778294278,-10.465437578093786,-10.67928854929438,-10.837157729230297,-10.969178207140024
atom 509,3.7364143032686994,3.8175805913018945,3.8372521191021645,3.8443945839294678,3.9063817058520653
atom 510,4.564368506547027,4.545936360716865,4.541402692174695,4.602011419012564,4.709209771093165
atom 511,-0.4601405247773276,-0.4559152378252305,-0.4566929615688186,-0.46129963062197,-0.46229873670826754
atom 512,0.2324623957200334,0.2399119639949848,0.2533211532649077,0.27201834175410394,0.29305766690511276
atom 513,0.3996302129654395,0.4146699090477071,0.42473065840147395,0.42767034628777917,0.4298874840328116
atom 514,-0.10785117244137266,-0.10901301070439957,-0.10857790715994238,-0.10792976557523329,-0.10860078205702435
atom 515,0.03603081982899684,0.03254043576039444,0.03017760507845215,0.02895524735797931,0.029151563578562266
atom 516,-0.030575891651479344,-0.030147134901364003,-0.029452454150584173,-0.028099359205122895,-0.026784480620354663
atom 517,-0.11656561047948148,-0.11546378204624368,-0.11419311445455509,-0.11332304573471673,-0.11301802032350078
atom 518,0.08293987664239102,0.08279963541091787,0.08314050070929559,0.08351376446580738,0.08335174380777947
atom 519,0.05172973511563668,0.05251911781654905,0.05256484990759778,0.051882623732207304,0.05091657304142375
atom 520,-4.891721126670409,-4.912566848574085,-4.908497621044423,-4.911476113276185,-4.934122872975717
atom 521,3.8013823084786553,3.799964969681078,3.8468859214837967,3.915580380337905,3.9307352867503313
atom 522,2.3701066570618208,2.3565992773991864,2.3311833507480784,2.3271253163708905,2.355122157308402
atom 523,-0.07909762483539916,-0.08067975946974759,-0.08092989651827044,-0.08074692761478533,-0.0813377737509806
atom 524,0.023999513550615224,0.024571228138311318,0.024774742438950715,0.02485509432334451,0.02559982902079029
atom 525,0.012425852809116154,0.012044751015973224,0.012666708729492722,0.01336845951792086,0.013085897667829478
atom 526,-0.02992940957029948,-0.030405636142869636,-0.03148348401428046,-0.03221335441876935,-0.03214966277347385
atom 527,0.015239226788353245,0.014379223091463049,0.014118938230298044,0.013877060245558829,0.013104472773352673
atom 528,0.03112994391683197,0.03168245589848839,0.03220199684787727,0.032865136832877985,0.034558365089035446
atom 529,0.05097282863903561,0.05006070453897533,0.04906298291953448,0.048372851412189555,0.04800620697064301
atom 530,-0.03711701723221641,-0.03748082217629887,-0.03715369967277353,-0.0358708145821034,-0.03386761878874825
atom 531,-0.0016578632352446836,-0.0016434347911648518,-0.002333778266288047,-0.0028412587211751133,-0.002593213297299281
atom 532,0.09684096353409852,0.097243155493252,0.09697633075657003,0.09688211703997843,0.09750416251120035
atom 533,-0.029591302226687606,-0.028630327185723076,-0.027919627011025717,-0.027641732517924962,-0.027626802435916538
atom 534,-0.0720066484040852,-0.07166801109374031,-0.07208219205147952,-0.07138343727609613,-0.06927282954445091
atom 535,0.12587592104568585,0.1260910996767346,0.12639708057809276,0.12534538718475322,0.12340049299198544
atom 536,-0.01946726448774497,-0.018502463482482138,-0.01847405828573899,-0.02059518721464307,-0.023235211345530127
atom 537,-0.09912963180683626,-0.09972838685136738,-0.10120748947811431,-0.10345990868022507,-0.1054843767180208
atom 538,0.12290720873160389,0.12420070246456656,0.12538816836235755,0.12635540821034486,0.1271586860391198
atom 539,-0.056694987016841364,-0.05685150915098859,-0.05657807108875658,-0.055969219599483276,-0.055684065431680634
atom 540,-0.07283334498117616,-0.07387410626712418,-0.07444661253838744,-0.07552677488474413,-0.07694418777223726
atom 541,0.18845320379063607,0.18735477380931254,0.18553736290957917,0.18306302081080222,0.17965652189225018
atom 542,-0.041130195526027,-0.043114447925878735,-0.04717336803389899,-0.051036198539907165,-0.05416710831338288
atom 543,-0.013734488766907312,-0.011467845454871811,-0.012592055126951445,-0.014423605454439785,-0.01315619827634011
atom 544,6.3129883410631615,6.308083111648133,6.332519873354452,6.3745017410932,6.420128286672511
atom 545,-2.4043631384034665,-2.401439402232292,-2.4090340686062803,-2.427573701375814,-2.4286531088015337
atom 546,-2.496952284048886,-2.532168457284588,-2.554467953621788,-2.5404885256477003,-2.5141335177122306
atom 547,0.34932168616195425,0.3477875246690148,0.3456861073906846,0.34357095478597,0.34227229270690407
atom 548,-0.19424378019281657,-0.19720979188671336,-0.1997642185697765,-0.2011820569698992,-0.2018971306828048
atom 549,-0.1593498197695378,-0.16069335038112526,-0.16219718726528293,-0.16336889728598764,-0.16455783224756565
atom 550,2.180022976565257,2.18334554063998,2.184977674776065,2.1771252593870094,2.155020773924388
atom 551,-0.500563248565599,-0.44837354019307135,-0.4049267174178003,-0.3799677699658866,-0.368164671553292
atom 552,-0.39016103445649425,-0.3452558104841748,-0.28768887378962615,-0.26758486313604,-0.29805887754207167
atom 553,0.14178254313879773,0.14145037824718742,0.14003457906478295,0.1396140264938121,0.1407287725871496
atom 554,-0.09312349682573312,-0.09299129112810336,-0.09491446716459725,-0.09628607156791281,-0.09654601306650501
atom 555,-0.016336692819598254,-0.01780878358659988,-0.02152168456637566,-0.021739678383146444,-0.019047774256035647
atom 556,2.9562764154516255,2.9058636963021875,2.8663273153080047,2.859550309472685,2.846522279088814
atom 557,-1.1164245769261212,-1.1009911352289505,-1.0683543779390918,-1.0501802066885406,-1.0565392376467915
atom 558,-2.9502914526793353,-3.0937765887217377,-3.142658393296445,-3.020222540242156,-2.8962675459658205
atom 559,0.04437960030941788,0.042419425907785406,0.04134884351269624,0.03896729164402774,0.03476853818131153
atom 560,0.014759049193923299,0.01097728964706576,0.007830881682339193,0.004141206491889997,0.00045617182194735177
atom 561,0.019251688786589442,0.019191041781532036,0.019345843742242984,0.01953394397938104,0.019726712703225506
atom 562,0.1313565059774225,0.1307893022038238,0.13092070738244518,0.13032176556344735,0.12848002026501887
atom 563,-0.02706712899993886,-0.02493891885362895,-0.02394387617921053,-0.025300954156805118,-0.027756895331492497
atom 564,-0.0725707180161062,-0.07371661939417627,-0.07438947468151291,-0.07452754417655438,-0.07395103902285041
atom 565,-1.51984673231553,-1.5122832068978602,-1.512934173380589,-1.5106797802886598,-1.5024681340592296
atom 566,0.6546554786249601,0.647301070174739,0.6404516460037566,0.637061077799425,0.6325473535758203
atom 567,0.6444168139973122,0.6302917402270962,0.6234931007761337,0.61816674796578,0.6054539657507493
atom 568,0.06416497201414727,0.06273716513678072,0.05946511760859698,0.05789027104697361,0.05865720289562576
atom 569,-0.11036772649502592,-0.1128614749121497,-0.12329460609277992,-0.12830848136444495,-0.12348276729032953
atom 570,-0.012991751301837936,-0.012930767750963098,-0.013141583395586447,-0.013531179920450742,-0.014133183786466013
atom 571,-14.24279543336381,-14.38612548992262,-14.570012750043682,-14.777340439795564,-15.010125248588434
atom 572,-0.7062377968859629,-0.4616592812958158,-0.3880802235771493,-0.5792876681555126,-0.67723484185209
atom 573,3.1868965595048184,3.2265142565889118,3.240961079529037,3.2404659471658985,3.215155433420082
atom 574,-0.14479788077131858,-0.1502321072926465,-0.15308049911923463,-0.15500255927294584,-0.1584129082413273
atom 575,0.025747981208928968,0.025433284822593317,0.024900192026205893,0.027670081275164432,0.03522446724245878
atom 576,0.013067637367743027,0.005302824379541819,0.0003795061994478353,0.00020654703518067002,0.0017068562388135164
atom 577,-1.058611780954892,-1.067887889984104,-1.0752160278234641,-1.0789361707377225,-1.0782037502972452
atom 578,0.15938070412201133,0.1352021896565471,0.12386561672457418,0.12116944693179588,0.11112306650092398
atom 579,0.20133012196944713,0.18863013825116134,0.17730230604883884,0.18522360861367296,0.20758450858201427
atom 580,0.9391713972531421,0.9195861597654836,0.9033448737841134,0.8838337408647884,0.8558137812686423
atom 581,-0.613326336299457,-0.5997644220412061,-0.5918061237162109,-0.588381973515345,-0.5891050151061082
atom 582,-1.168052257412241,-1.1406069618568633,-1.1173414445588552,-1.100918697849185,-1.0875572834200877
atom 583,-1.4569340039693164,-1.4628275443954881,-1.4677219115506297,-1.4720226818624849,-1.4769573813921293
atom 584,0.657030519604276,0.6596214251281549,0.6632388582041162,0.6682311741324782,0.6752094225658938
atom 585,0.7949072944754549,0.7945814419287002,0.7965074307178762,0.8008301802747327,0.8055187924306685
atom 586,-3.5111182388372635,-3.4930013545850613,-3.4313869345451025,-3.3512199473358386,-3.299746830641459
atom 587,3.2105854298427228,3.2250733032006913,3.246843986905645,3.2624917194057526,3.2064927603057636
atom 588,1.9512437610498512,1.8633103922899419,1.7371119763669627,1.6205507575626146,1.5607346748236621
atom 589,-15.325109375134874,-15.358296321085433,-15.364235979342066,-15.31981901886601,-15.222286823577448
atom 590,7.941981357578685,7.838806138646794,7.705060875276006,7.646485895841154,7.676814859049996
atom 591,4.506878778403711,4.458626078655936,4.674027516529133,4.790333778433642,4.5389322555616225
atom 592,-1.0372686047056516,-1.0452506049869164,-1.046101899374759,-1.044056646754002,-1.0453873529757012
atom 593,0.3708535087264578,0.36456598266818613,0.3649507058315107,0.3703960011876135,0.37294871797031537
atom 594,0.3851927390935102,0.37635881815996414,0.37618395906900937,0.38720387999011,0.4002214312499084
atom 595,0.1878377767323656,0.16173124599602873,0.13490083529254177,0.11056876915487315,0.0888720732493499
atom 596,0.1014016827096628,0.12367152009119856,0.15440606647131258,0.17515096950785117,0.1854426290672629
atom 597,-0.6587184707714352,-0.6648221928275748,-0.6879085140090863,-0.6913492554772314,-0.666575955311039
atom 598,0.30742884272369925,0.3104190886674775,0.31560636929999747,0.32061077796798343,0.32349504372746146
atom 599,-0.4899869824081309,-0.49879842846956357,-0.5096184290837044,-0.5229006502738085,-0.5366313080565261
atom 600,0.05278245796002287,0.06881143270138478,0.0646085742829217,0.04348462628782896,0.024698440722559528
atom 601,-0.02896604700380877,-0.02897686322930914,-0.02881595008088804,-0.02859491989754557,-0.028564795826764112
atom 602,-0.007375121688584772,-0.007196486788768175,-0.007297231748455557,-0.007349174778475648,-0.007219609118110106
atom 603,0.019628689714472326,0.020249888433325747,0.02074845366677315,0.021173923272438763,0.021569494170318563
atom 604,-2.397527725228461,-2.4102501578090916,-2.4054149699774694,-2.3852959203424664,-2.3653593646386724
atom 605,1.6960066402926879,1.7084830296099962,1.7100488616853937,1.6927346011649242,1.654039128586537
atom 606,0.5177369074042572,0.5081205679948442,0.5115551928282687,0.5250848836473766,0.5363648740435452
atom 607,-51.056855237792774,-52.08519752332253,-53.33772911315487,-54.54707242539373,-55.79572708388246
atom 608,13.938953957553133,13.358551736327344,12.768960035885282,12.654430864433397,12.796599657777742
atom 609,11.007572867208184,11.083303289776214,11.169282064690982,11.517482159269418,11.934338610809917
atom 610,0.16552039918973196,0.1653091282715603,0.16549384369533787,0.16551184562232743,0.1652261799309335
atom 611,-0.10049396208452434,-0.10124691289050233,-0.10127640609856887,-0.1013375881656216,-0.10163534692794476
atom 612,-0.10778989126757399,-0.10689471341271034,-0.10591146130235027,-0.10455221169279592,-0.10303613621048238
atom 613,-1.8947382114259075,-1.9027562694191404,-1.9051306658555742,-1.9032559711910124,-1.9039780254295364
atom 614,0.7410590192911811,0.7418206593876295,0.7562031222866289,0.770666779060639,0.7652852833100461
atom 615,0.7192218821314557,0.725875159973102,0.7287530694016497,0.7246870078741598,0.7199939819443552
atom 616,0.2960938269341169,0.2985107143388145,0.2993164165891704,0.3009047537912025,0.30427015262109874
atom 617,-0.18683473932020897,-0.18623854030651768,-0.1861168728428375,-0.18529126707351798,-0.18333124202671477
atom 618,-0.1949242221721164,-0.19404939387717257,-0.19330595812003834,-0.1925988057072034,-0.19219199685090382
atom 619,1.7011059205112735,1.6830522421274388,1.6750425143395709,1.656096154140923,1.6250640230184494
atom 620,-0.7818030683045093,-0.7834362303307364,-0.7744384878695918,-0.7653808994352896,-0.7571928366460444
atom 621,-1.567883384010863,-1.5762770871075624,-1.5661215576567638,-1.6122552153968517,-1.7031632146849973
atom 622,0.21987553869218684,0.2205153668773688,0.21638277355541533,0.20972028458862207,0.20512659639406305
atom 623,-0.24008953580465459,-0.23477955580011028,-0.23260885711922724,-0.22929085269004806,-0.22523262076253786
atom 624,0.03912395871608071,0.035820288100108184,0.033124925562206045,0.028761740687000728,0.02038391488234807
atom 625,0.020881498775961058,0.021195469320085973,0.021564807720763187,0.022230034022469123,0.023124591523088364
atom 626,0.005301469495543888,0.005801883950021166,0.006515889467466193,0.0077990163002797635,0.009011964816149923
atom 627,-0.027860723247273084,-0.02711380022690174,-0.026802766361582044,-0.02630495333103361,-0.025367057633483486
atom 628,-4.361536333799604,-4.373226891911482,-4.373002367469594,-4.385309500581562,-4.409996290892269
atom 629,1.854008226419844,1.8400083762032415,1.834753271695493,1.8077528102415534,1.766498088315625
atom 630,1.2467864784228375,1.2701577553120678,1.3007756644861095,1.2867358927605017,1.2595177016803054
atom 631,0.6894081060591297,0.6818428726144745,0.6758131138720733,0.6737822306980874,0.6733914034791841
atom 632,-0.2673281964691223,-0.27100571585520855,-0.27445409963818895,-0.27519688867666736,-0.27363824558125727
atom 633,-0.6668213010666524,-0.6757193258160599,-0.6732506804279347,-0.6499248064191944,-0.624697259253024
atom 634,0.5036171707559892,0.50760827097583,0.508215756957206,0.5068377492397583,0.5076183150257899
atom 635,-0.15129491521795668,-0.1467530753731862,-0.14136443396103002,-0.14686376167858992,-0.15823320232763335
atom 636,-0.3768276730142309,-0.37613036357368956,-0.3774626299398188,-0.38289738779007215,-0.3880049184969917
atom 637,1.0648220217589732,1.0699712436795128,1.0746090419337426,1.0772858269465253,1.0789028051373684
atom 638,-0.41030961835564306,-0.41038341063737543,-0.40910449683884187,-0.41121044527289574,-0.4164466489503275
atom 639,-0.47189266102279653,-0.4791063263721176,-0.49289809031128523,-0.5101319673357128,-0.5280082535405867
atom 640,-0.010678304720561804,-0.011290021066810398,-0.012092763931416646,-0.012902235331958866,-0.01332434942339058
atom 641,-0.017801477365676048,-0.01697729700213078,-0.017936256480346944,-0.018642536192168255,-0.01713990100197716
atom 642,0.021939873369271924,0.023897759987163564,0.025672909214279435,0.027242894161590658,0.02881611676584009
atom 643,-3.0722410429048237,-3.0589920000599222,-3.046623473158607,-3.0577512707495873,-3.0753040224370514
atom 644,2.8081212782810407,2.8312216639577334,2.8388376503322985,2.749692355747673,2.6177687216992167
atom 645,1.4855320290110154,1.4988666667135013,1.522092107584647,1.5392515978155226,1.5410842842061077
atom 646,25.842930149870572,25.77938993664103,25.765230743839453,25.717985672096216,25.66781553486014
atom 647,-6.828847486297478,-6.861241226040146,-6.772896549551719,-6.763638378068314,-6.899427881730944
atom 648,-8.352909948652005,-8.315295797479749,-8.205237949274162,-8.148250345677777,-8.13146628778891
